<?xml version="1.0" encoding="UTF-8"?>
<plugin_manifest xmlns="http://www.elgg.org/plugin_manifest/1.8">
	<name>Create Contact</name>
	<author>Core developers</author>
	<version>1.8</version>
	<category>bundled</category>
	<category>enhancement</category>
	<blurb>Add site-wide categories</blurb>
	<description>Site-wide Categories lets administrators define categories that users across the site can add content to.</description>
	<website>http://www.elgg.org/</website>
	<copyright>See COPYRIGHT.txt</copyright>
	<license>GNU General Public License version 2</license>
	<requires>
		<type>elgg_release</type>
		<version>1.8</version>
	</requires>
</plugin_manifest>
